<?xml version="1.0" encoding="UTF-8"?>
<project xmlns="http://maven.apache.org/POM/4.0.0" xmlns:xsi="http://www.w3.org/2001/XMLSchema-instance" xsi:schemaLocation="http://maven.apache.org/POM/4.0.0 http://maven.apache.org/maven-v4_0_0.xsd">
  <modelVersion>4.0.0</modelVersion>
  <groupId>org.talentsforge</groupId>
  <artifactId>fintech_and_crypto_academy</artifactId>
  <version>1.0-SNAPSHOT</version>
  <build>
    <plugins>
      <plugin>
        <artifactId>maven-jar-plugin</artifactId>
        <version>2.4</version>
      </plugin>
      <plugin>
        <artifactId>maven-shade-plugin</artifactId>
        <version>${maven.shade.plugin.version}</version>
        <executions>
          <execution>
            <phase>package</phase>
            <goals>
              <goal>shade</goal>
            </goals>
            <configuration>
              <transformers>
                <transformer>
                  <mainClass>org.talentsforge.IpCheckMain</mainClass>
                </transformer>
              </transformers>
            </configuration>
          </execution>
        </executions>
      </plugin>
    </plugins>
  </build>
  <properties>
    <maven.compiler.target>1.8</maven.compiler.target>
    <slf4j.version>1.7.30</slf4j.version>
    <maven.compiler.source>1.8</maven.compiler.source>
    <logback.version>1.2.3</logback.version>
    <maven.shade.plugin.version>3.2.0</maven.shade.plugin.version>
  </properties>
</project>
