<?xml version="1.0" encoding="UTF-8"?>
<configuration>
    <appender name="stdout" class="ch.qos.logback.core.ConsoleAppender">
        <encoder>
            <pattern>%d{HH:mm:ss.SSS} %-5level %logger{36} - %msg%n</pattern>
        </encoder>
    </appender>
    <appender name="file" class="ch.qos.logback.core.FileAppender">
        <file>./log/myApp.log</file>
        <encoder>
            <pattern>%date %level [%thread] %logger{10} [%file:%line] %msg%n</pattern>
        </encoder>
    </appender>

    <root level="info">
        <appender-ref ref="stdout"/>
        <appender-ref ref="file"/>
    </root>
</configuration>